"filename", "language", "Python", "Dart", "CMake", "C++", "YAML", "Kotlin", "Java Properties", "XML", "Swift", "Markdown", "JSON", "Django HTML", "pip requirements", "comment", "blank", "total"
"/home/ccod/Área de trabalho/projects/Projeto-Acessibilizando/README.md", "Markdown", 0, 0, 0, 0, 0, 0, 0, 0, 0, 254, 0, 0, 0, 0, 137, 391
"/home/ccod/Área de trabalho/projects/Projeto-Acessibilizando/backend/acessibility/__init__.py", "Python", 0, 0, 0, 0, 0, 0, 0, 0, 0, 0, 0, 0, 0, 0, 1, 1
"/home/ccod/Área de trabalho/projects/Projeto-Acessibilizando/backend/acessibility/admin.py", "Python", 53, 0, 0, 0, 0, 0, 0, 0, 0, 0, 0, 0, 0, 0, 18, 71
"/home/ccod/Área de trabalho/projects/Projeto-Acessibilizando/backend/acessibility/apps.py", "Python", 3, 0, 0, 0, 0, 0, 0, 0, 0, 0, 0, 0, 0, 0, 3, 6
"/home/ccod/Área de trabalho/projects/Projeto-Acessibilizando/backend/acessibility/migrations/0001_initial.py", "Python", 40, 0, 0, 0, 0, 0, 0, 0, 0, 0, 0, 0, 0, 1, 7, 48
"/home/ccod/Área de trabalho/projects/Projeto-Acessibilizando/backend/acessibility/migrations/0002_accessibilitylevel_and_more.py", "Python", 28, 0, 0, 0, 0, 0, 0, 0, 0, 0, 0, 0, 0, 1, 6, 35
"/home/ccod/Área de trabalho/projects/Projeto-Acessibilizando/backend/acessibility/migrations/__init__.py", "Python", 0, 0, 0, 0, 0, 0, 0, 0, 0, 0, 0, 0, 0, 0, 1, 1
"/home/ccod/Área de trabalho/projects/Projeto-Acessibilizando/backend/acessibility/models.py", "Python", 84, 0, 0, 0, 0, 0, 0, 0, 0, 0, 0, 0, 0, 0, 28, 112
"/home/ccod/Área de trabalho/projects/Projeto-Acessibilizando/backend/acessibility/serializers.py", "Python", 43, 0, 0, 0, 0, 0, 0, 0, 0, 0, 0, 0, 0, 0, 9, 52
"/home/ccod/Área de trabalho/projects/Projeto-Acessibilizando/backend/acessibility/tests.py", "Python", 1, 0, 0, 0, 0, 0, 0, 0, 0, 0, 0, 0, 0, 1, 2, 4
"/home/ccod/Área de trabalho/projects/Projeto-Acessibilizando/backend/acessibility/views.py", "Python", 1, 0, 0, 0, 0, 0, 0, 0, 0, 0, 0, 0, 0, 1, 1, 3
"/home/ccod/Área de trabalho/projects/Projeto-Acessibilizando/backend/config/__init__.py", "Python", 0, 0, 0, 0, 0, 0, 0, 0, 0, 0, 0, 0, 0, 0, 1, 1
"/home/ccod/Área de trabalho/projects/Projeto-Acessibilizando/backend/config/asgi.py", "Python", 4, 0, 0, 0, 0, 0, 0, 0, 0, 0, 0, 0, 0, 8, 5, 17
"/home/ccod/Área de trabalho/projects/Projeto-Acessibilizando/backend/config/settings.py", "Python", 96, 0, 0, 0, 0, 0, 0, 0, 0, 0, 0, 0, 0, 12, 36, 144
"/home/ccod/Área de trabalho/projects/Projeto-Acessibilizando/backend/config/urls.py", "Python", 31, 0, 0, 0, 0, 0, 0, 0, 0, 0, 0, 0, 0, 5, 8, 44
"/home/ccod/Área de trabalho/projects/Projeto-Acessibilizando/backend/config/wsgi.py", "Python", 4, 0, 0, 0, 0, 0, 0, 0, 0, 0, 0, 0, 0, 8, 5, 17
"/home/ccod/Área de trabalho/projects/Projeto-Acessibilizando/backend/manage.py", "Python", 15, 0, 0, 0, 0, 0, 0, 0, 0, 0, 0, 0, 0, 3, 5, 23
"/home/ccod/Área de trabalho/projects/Projeto-Acessibilizando/backend/places/__init__.py", "Python", 0, 0, 0, 0, 0, 0, 0, 0, 0, 0, 0, 0, 0, 0, 1, 1
"/home/ccod/Área de trabalho/projects/Projeto-Acessibilizando/backend/places/admin.py", "Python", 42, 0, 0, 0, 0, 0, 0, 0, 0, 0, 0, 0, 0, 0, 12, 54
"/home/ccod/Área de trabalho/projects/Projeto-Acessibilizando/backend/places/apps.py", "Python", 3, 0, 0, 0, 0, 0, 0, 0, 0, 0, 0, 0, 0, 0, 3, 6
"/home/ccod/Área de trabalho/projects/Projeto-Acessibilizando/backend/places/migrations/0001_initial.py", "Python", 19, 0, 0, 0, 0, 0, 0, 0, 0, 0, 0, 0, 0, 1, 7, 27
"/home/ccod/Área de trabalho/projects/Projeto-Acessibilizando/backend/places/migrations/0002_placeaccessibility_place_characteristics_and_more.py", "Python", 30, 0, 0, 0, 0, 0, 0, 0, 0, 0, 0, 0, 0, 1, 6, 37
"/home/ccod/Área de trabalho/projects/Projeto-Acessibilizando/backend/places/migrations/0003_remove_placeaccessibility_value_and_more.py", "Python", 33, 0, 0, 0, 0, 0, 0, 0, 0, 0, 0, 0, 0, 1, 6, 40
"/home/ccod/Área de trabalho/projects/Projeto-Acessibilizando/backend/places/migrations/0004_placeaccessibility_place_access_place_idx_and_more.py", "Python", 16, 0, 0, 0, 0, 0, 0, 0, 0, 0, 0, 0, 0, 1, 6, 23
"/home/ccod/Área de trabalho/projects/Projeto-Acessibilizando/backend/places/migrations/0005_alter_place_google_place_id.py", "Python", 12, 0, 0, 0, 0, 0, 0, 0, 0, 0, 0, 0, 0, 1, 6, 19
"/home/ccod/Área de trabalho/projects/Projeto-Acessibilizando/backend/places/migrations/0006_remove_place_google_place_id_remove_place_latitude_and_more.py", "Python", 24, 0, 0, 0, 0, 0, 0, 0, 0, 0, 0, 0, 0, 1, 6, 31
"/home/ccod/Área de trabalho/projects/Projeto-Acessibilizando/backend/places/migrations/0007_place_has_elevator_place_high_movement_and_more.py", "Python", 22, 0, 0, 0, 0, 0, 0, 0, 0, 0, 0, 0, 0, 1, 6, 29
"/home/ccod/Área de trabalho/projects/Projeto-Acessibilizando/backend/places/migrations/__init__.py", "Python", 0, 0, 0, 0, 0, 0, 0, 0, 0, 0, 0, 0, 0, 0, 1, 1
"/home/ccod/Área de trabalho/projects/Projeto-Acessibilizando/backend/places/models.py", "Python", 88, 0, 0, 0, 0, 0, 0, 0, 0, 0, 0, 0, 0, 0, 26, 114
"/home/ccod/Área de trabalho/projects/Projeto-Acessibilizando/backend/places/pagination.py", "Python", 5, 0, 0, 0, 0, 0, 0, 0, 0, 0, 0, 0, 0, 0, 2, 7
"/home/ccod/Área de trabalho/projects/Projeto-Acessibilizando/backend/places/serializers.py", "Python", 116, 0, 0, 0, 0, 0, 0, 0, 0, 0, 0, 0, 0, 0, 34, 150
"/home/ccod/Área de trabalho/projects/Projeto-Acessibilizando/backend/places/tests.py", "Python", 1, 0, 0, 0, 0, 0, 0, 0, 0, 0, 0, 0, 0, 1, 2, 4
"/home/ccod/Área de trabalho/projects/Projeto-Acessibilizando/backend/places/urls.py", "Python", 12, 0, 0, 0, 0, 0, 0, 0, 0, 0, 0, 0, 0, 0, 7, 19
"/home/ccod/Área de trabalho/projects/Projeto-Acessibilizando/backend/places/views.py", "Python", 34, 0, 0, 0, 0, 0, 0, 0, 0, 0, 0, 0, 0, 0, 3, 37
"/home/ccod/Área de trabalho/projects/Projeto-Acessibilizando/backend/reviews/__init__.py", "Python", 0, 0, 0, 0, 0, 0, 0, 0, 0, 0, 0, 0, 0, 0, 1, 1
"/home/ccod/Área de trabalho/projects/Projeto-Acessibilizando/backend/reviews/admin.py", "Python", 24, 0, 0, 0, 0, 0, 0, 0, 0, 0, 0, 0, 0, 0, 6, 30
"/home/ccod/Área de trabalho/projects/Projeto-Acessibilizando/backend/reviews/apps.py", "Python", 3, 0, 0, 0, 0, 0, 0, 0, 0, 0, 0, 0, 0, 0, 3, 6
"/home/ccod/Área de trabalho/projects/Projeto-Acessibilizando/backend/reviews/migrations/0001_initial.py", "Python", 28, 0, 0, 0, 0, 0, 0, 0, 0, 0, 0, 0, 0, 1, 7, 36
"/home/ccod/Área de trabalho/projects/Projeto-Acessibilizando/backend/reviews/migrations/0002_review_review_place_idx_review_review_user_idx.py", "Python", 18, 0, 0, 0, 0, 0, 0, 0, 0, 0, 0, 0, 0, 1, 6, 25
"/home/ccod/Área de trabalho/projects/Projeto-Acessibilizando/backend/reviews/migrations/0003_remove_review_review_place_idx_and_more.py", "Python", 15, 0, 0, 0, 0, 0, 0, 0, 0, 0, 0, 0, 0, 1, 6, 22
"/home/ccod/Área de trabalho/projects/Projeto-Acessibilizando/backend/reviews/migrations/__init__.py", "Python", 0, 0, 0, 0, 0, 0, 0, 0, 0, 0, 0, 0, 0, 0, 1, 1
"/home/ccod/Área de trabalho/projects/Projeto-Acessibilizando/backend/reviews/models.py", "Python", 41, 0, 0, 0, 0, 0, 0, 0, 0, 0, 0, 0, 0, 0, 10, 51
"/home/ccod/Área de trabalho/projects/Projeto-Acessibilizando/backend/reviews/permissions.py", "Python", 9, 0, 0, 0, 0, 0, 0, 0, 0, 0, 0, 0, 0, 0, 3, 12
"/home/ccod/Área de trabalho/projects/Projeto-Acessibilizando/backend/reviews/serializers.py", "Python", 24, 0, 0, 0, 0, 0, 0, 0, 0, 0, 0, 0, 0, 0, 6, 30
"/home/ccod/Área de trabalho/projects/Projeto-Acessibilizando/backend/reviews/tests.py", "Python", 1, 0, 0, 0, 0, 0, 0, 0, 0, 0, 0, 0, 0, 0, 2, 3
"/home/ccod/Área de trabalho/projects/Projeto-Acessibilizando/backend/reviews/urls.py", "Python", 15, 0, 0, 0, 0, 0, 0, 0, 0, 0, 0, 0, 0, 0, 6, 21
"/home/ccod/Área de trabalho/projects/Projeto-Acessibilizando/backend/reviews/views.py", "Python", 39, 0, 0, 0, 0, 0, 0, 0, 0, 0, 0, 0, 0, 0, 15, 54
"/home/ccod/Área de trabalho/projects/Projeto-Acessibilizando/backend/users/__init__.py", "Python", 0, 0, 0, 0, 0, 0, 0, 0, 0, 0, 0, 0, 0, 0, 1, 1
"/home/ccod/Área de trabalho/projects/Projeto-Acessibilizando/backend/users/admin.py", "Python", 76, 0, 0, 0, 0, 0, 0, 0, 0, 0, 0, 0, 0, 0, 9, 85
"/home/ccod/Área de trabalho/projects/Projeto-Acessibilizando/backend/users/apps.py", "Python", 3, 0, 0, 0, 0, 0, 0, 0, 0, 0, 0, 0, 0, 0, 3, 6
"/home/ccod/Área de trabalho/projects/Projeto-Acessibilizando/backend/users/migrations/0001_initial.py", "Python", 40, 0, 0, 0, 0, 0, 0, 0, 0, 0, 0, 0, 0, 1, 7, 48
"/home/ccod/Área de trabalho/projects/Projeto-Acessibilizando/backend/users/migrations/0002_rename_sensory_sensibility_user_sensory_sensitivity.py", "Python", 12, 0, 0, 0, 0, 0, 0, 0, 0, 0, 0, 0, 0, 1, 6, 19
"/home/ccod/Área de trabalho/projects/Projeto-Acessibilizando/backend/users/migrations/0003_alter_user_managers_alter_user_name.py", "Python", 17, 0, 0, 0, 0, 0, 0, 0, 0, 0, 0, 0, 0, 1, 6, 24
"/home/ccod/Área de trabalho/projects/Projeto-Acessibilizando/backend/users/migrations/__init__.py", "Python", 0, 0, 0, 0, 0, 0, 0, 0, 0, 0, 0, 0, 0, 0, 1, 1
"/home/ccod/Área de trabalho/projects/Projeto-Acessibilizando/backend/users/models.py", "Python", 46, 0, 0, 0, 0, 0, 0, 0, 0, 0, 0, 0, 0, 0, 20, 66
"/home/ccod/Área de trabalho/projects/Projeto-Acessibilizando/backend/users/serializers.py", "Python", 73, 0, 0, 0, 0, 0, 0, 0, 0, 0, 0, 0, 0, 0, 31, 104
"/home/ccod/Área de trabalho/projects/Projeto-Acessibilizando/backend/users/tests.py", "Python", 1, 0, 0, 0, 0, 0, 0, 0, 0, 0, 0, 0, 0, 0, 2, 3
"/home/ccod/Área de trabalho/projects/Projeto-Acessibilizando/backend/users/urls.py", "Python", 14, 0, 0, 0, 0, 0, 0, 0, 0, 0, 0, 0, 0, 0, 4, 18
"/home/ccod/Área de trabalho/projects/Projeto-Acessibilizando/backend/users/views.py", "Python", 15, 0, 0, 0, 0, 0, 0, 0, 0, 0, 0, 0, 0, 0, 6, 21
"/home/ccod/Área de trabalho/projects/Projeto-Acessibilizando/mobile/README.md", "Markdown", 0, 0, 0, 0, 0, 0, 0, 0, 0, 11, 0, 0, 0, 0, 7, 18
"/home/ccod/Área de trabalho/projects/Projeto-Acessibilizando/mobile/analysis_options.yaml", "YAML", 0, 0, 0, 0, 12, 0, 0, 0, 0, 0, 0, 0, 0, 22, 5, 39
"/home/ccod/Área de trabalho/projects/Projeto-Acessibilizando/mobile/android/app/build.gradle.kts", "Kotlin", 0, 0, 0, 0, 0, 33, 0, 0, 0, 0, 0, 0, 0, 3, 10, 46
"/home/ccod/Área de trabalho/projects/Projeto-Acessibilizando/mobile/android/app/src/debug/AndroidManifest.xml", "XML", 0, 0, 0, 0, 0, 0, 0, 3, 0, 0, 0, 0, 0, 4, 1, 8
"/home/ccod/Área de trabalho/projects/Projeto-Acessibilizando/mobile/android/app/src/main/AndroidManifest.xml", "XML", 0, 0, 0, 0, 0, 0, 0, 34, 0, 0, 0, 0, 0, 11, 1, 46
"/home/ccod/Área de trabalho/projects/Projeto-Acessibilizando/mobile/android/app/src/main/kotlin/com/example/mobile/MainActivity.kt", "Kotlin", 0, 0, 0, 0, 0, 3, 0, 0, 0, 0, 0, 0, 0, 0, 3, 6
"/home/ccod/Área de trabalho/projects/Projeto-Acessibilizando/mobile/android/app/src/main/res/drawable-v21/launch_background.xml", "XML", 0, 0, 0, 0, 0, 0, 0, 9, 0, 0, 0, 0, 0, 0, 1, 10
"/home/ccod/Área de trabalho/projects/Projeto-Acessibilizando/mobile/android/app/src/main/res/drawable/launch_background.xml", "XML", 0, 0, 0, 0, 0, 0, 0, 9, 0, 0, 0, 0, 0, 0, 1, 10
"/home/ccod/Área de trabalho/projects/Projeto-Acessibilizando/mobile/android/app/src/main/res/values-night-v31/styles.xml", "XML", 0, 0, 0, 0, 0, 0, 0, 14, 0, 0, 0, 0, 0, 7, 1, 22
"/home/ccod/Área de trabalho/projects/Projeto-Acessibilizando/mobile/android/app/src/main/res/values-night/styles.xml", "XML", 0, 0, 0, 0, 0, 0, 0, 13, 0, 0, 0, 0, 0, 9, 1, 23
"/home/ccod/Área de trabalho/projects/Projeto-Acessibilizando/mobile/android/app/src/main/res/values-v31/styles.xml", "XML", 0, 0, 0, 0, 0, 0, 0, 14, 0, 0, 0, 0, 0, 7, 1, 22
"/home/ccod/Área de trabalho/projects/Projeto-Acessibilizando/mobile/android/app/src/main/res/values/styles.xml", "XML", 0, 0, 0, 0, 0, 0, 0, 13, 0, 0, 0, 0, 0, 9, 1, 23
"/home/ccod/Área de trabalho/projects/Projeto-Acessibilizando/mobile/android/app/src/profile/AndroidManifest.xml", "XML", 0, 0, 0, 0, 0, 0, 0, 3, 0, 0, 0, 0, 0, 4, 1, 8
"/home/ccod/Área de trabalho/projects/Projeto-Acessibilizando/mobile/android/build.gradle.kts", "Kotlin", 0, 0, 0, 0, 0, 21, 0, 0, 0, 0, 0, 0, 0, 0, 4, 25
"/home/ccod/Área de trabalho/projects/Projeto-Acessibilizando/mobile/android/gradle.properties", "Java Properties", 0, 0, 0, 0, 0, 0, 4, 0, 0, 0, 0, 0, 0, 2, 1, 7
"/home/ccod/Área de trabalho/projects/Projeto-Acessibilizando/mobile/android/gradle/wrapper/gradle-wrapper.properties", "Java Properties", 0, 0, 0, 0, 0, 0, 5, 0, 0, 0, 0, 0, 0, 0, 1, 6
"/home/ccod/Área de trabalho/projects/Projeto-Acessibilizando/mobile/android/settings.gradle.kts", "Kotlin", 0, 0, 0, 0, 0, 22, 0, 0, 0, 0, 0, 0, 0, 0, 5, 27
"/home/ccod/Área de trabalho/projects/Projeto-Acessibilizando/mobile/ios/Runner/AppDelegate.swift", "Swift", 0, 0, 0, 0, 0, 0, 0, 0, 14, 0, 0, 0, 0, 0, 3, 17
"/home/ccod/Área de trabalho/projects/Projeto-Acessibilizando/mobile/ios/Runner/Assets.xcassets/AppIcon.appiconset/Contents.json", "JSON", 0, 0, 0, 0, 0, 0, 0, 0, 0, 0, 1, 0, 0, 0, 0, 1
"/home/ccod/Área de trabalho/projects/Projeto-Acessibilizando/mobile/ios/Runner/Assets.xcassets/LaunchBackground.imageset/Contents.json", "JSON", 0, 0, 0, 0, 0, 0, 0, 0, 0, 0, 21, 0, 0, 0, 1, 22
"/home/ccod/Área de trabalho/projects/Projeto-Acessibilizando/mobile/ios/Runner/Assets.xcassets/LaunchImage.imageset/Contents.json", "JSON", 0, 0, 0, 0, 0, 0, 0, 0, 0, 0, 23, 0, 0, 0, 1, 24
"/home/ccod/Área de trabalho/projects/Projeto-Acessibilizando/mobile/ios/Runner/Assets.xcassets/LaunchImage.imageset/README.md", "Markdown", 0, 0, 0, 0, 0, 0, 0, 0, 0, 3, 0, 0, 0, 0, 2, 5
"/home/ccod/Área de trabalho/projects/Projeto-Acessibilizando/mobile/ios/Runner/Base.lproj/LaunchScreen.storyboard", "XML", 0, 0, 0, 0, 0, 0, 0, 43, 0, 0, 0, 0, 0, 1, 1, 45
"/home/ccod/Área de trabalho/projects/Projeto-Acessibilizando/mobile/ios/Runner/Base.lproj/Main.storyboard", "XML", 0, 0, 0, 0, 0, 0, 0, 25, 0, 0, 0, 0, 0, 1, 1, 27
"/home/ccod/Área de trabalho/projects/Projeto-Acessibilizando/mobile/ios/Runner/Runner-Bridging-Header.h", "C++", 0, 0, 0, 1, 0, 0, 0, 0, 0, 0, 0, 0, 0, 0, 1, 2
"/home/ccod/Área de trabalho/projects/Projeto-Acessibilizando/mobile/ios/Runner/SceneDelegate.swift", "Swift", 0, 0, 0, 0, 0, 0, 0, 0, 4, 0, 0, 0, 0, 0, 3, 7
"/home/ccod/Área de trabalho/projects/Projeto-Acessibilizando/mobile/ios/RunnerTests/RunnerTests.swift", "Swift", 0, 0, 0, 0, 0, 0, 0, 0, 7, 0, 0, 0, 0, 2, 4, 13
"/home/ccod/Área de trabalho/projects/Projeto-Acessibilizando/mobile/lib/core/config/api_config.dart", "Dart", 0, 3, 0, 0, 0, 0, 0, 0, 0, 0, 0, 0, 0, 0, 0, 3
"/home/ccod/Área de trabalho/projects/Projeto-Acessibilizando/mobile/lib/core/network/api_client.dart", "Dart", 0, 17, 0, 0, 0, 0, 0, 0, 0, 0, 0, 0, 0, 0, 4, 21
"/home/ccod/Área de trabalho/projects/Projeto-Acessibilizando/mobile/lib/core/storage/token_storage.dart", "Dart", 0, 29, 0, 0, 0, 0, 0, 0, 0, 0, 0, 0, 0, 0, 7, 36
"/home/ccod/Área de trabalho/projects/Projeto-Acessibilizando/mobile/lib/main.dart", "Dart", 0, 20, 0, 0, 0, 0, 0, 0, 0, 0, 0, 0, 0, 0, 3, 23
"/home/ccod/Área de trabalho/projects/Projeto-Acessibilizando/mobile/lib/models/place.dart", "Dart", 0, 31, 0, 0, 0, 0, 0, 0, 0, 0, 0, 0, 0, 4, 5, 40
"/home/ccod/Área de trabalho/projects/Projeto-Acessibilizando/mobile/lib/repositories/place_repository.dart", "Dart", 0, 22, 0, 0, 0, 0, 0, 0, 0, 0, 0, 0, 0, 0, 7, 29
"/home/ccod/Área de trabalho/projects/Projeto-Acessibilizando/mobile/lib/screens/auth/login_screen.dart", "Dart", 0, 554, 0, 0, 0, 0, 0, 0, 0, 0, 0, 0, 0, 0, 48, 602
"/home/ccod/Área de trabalho/projects/Projeto-Acessibilizando/mobile/lib/screens/auth/register_screen.dart", "Dart", 0, 805, 0, 0, 0, 0, 0, 0, 0, 0, 0, 0, 0, 0, 40, 845
"/home/ccod/Área de trabalho/projects/Projeto-Acessibilizando/mobile/lib/screens/home/home_screen.dart", "Dart", 0, 1049, 0, 0, 0, 0, 0, 0, 0, 0, 0, 0, 0, 9, 346, 1404
"/home/ccod/Área de trabalho/projects/Projeto-Acessibilizando/mobile/lib/screens/home/place_detail_screen.dart", "Dart", 0, 1417, 0, 0, 0, 0, 0, 0, 0, 0, 0, 0, 0, 7, 405, 1829
"/home/ccod/Área de trabalho/projects/Projeto-Acessibilizando/mobile/lib/screens/places/create_place_screen.dart", "Dart", 0, 511, 0, 0, 0, 0, 0, 0, 0, 0, 0, 0, 0, 0, 56, 567
"/home/ccod/Área de trabalho/projects/Projeto-Acessibilizando/mobile/lib/screens/profile/edit_profile_screen.dart", "Dart", 0, 823, 0, 0, 0, 0, 0, 0, 0, 0, 0, 0, 0, 0, 236, 1059
"/home/ccod/Área de trabalho/projects/Projeto-Acessibilizando/mobile/lib/services/auth_service.dart", "Dart", 0, 204, 0, 0, 0, 0, 0, 0, 0, 0, 0, 0, 0, 4, 140, 348
"/home/ccod/Área de trabalho/projects/Projeto-Acessibilizando/mobile/lib/services/place_service.dart", "Dart", 0, 78, 0, 0, 0, 0, 0, 0, 0, 0, 0, 0, 0, 0, 16, 94
"/home/ccod/Área de trabalho/projects/Projeto-Acessibilizando/mobile/linux/CMakeLists.txt", "CMake", 0, 0, 104, 0, 0, 0, 0, 0, 0, 0, 0, 0, 0, 0, 25, 129
"/home/ccod/Área de trabalho/projects/Projeto-Acessibilizando/mobile/linux/flutter/CMakeLists.txt", "CMake", 0, 0, 79, 0, 0, 0, 0, 0, 0, 0, 0, 0, 0, 0, 10, 89
"/home/ccod/Área de trabalho/projects/Projeto-Acessibilizando/mobile/linux/flutter/generated_plugin_registrant.cc", "C++", 0, 0, 0, 7, 0, 0, 0, 0, 0, 0, 0, 0, 0, 4, 5, 16
"/home/ccod/Área de trabalho/projects/Projeto-Acessibilizando/mobile/linux/flutter/generated_plugin_registrant.h", "C++", 0, 0, 0, 5, 0, 0, 0, 0, 0, 0, 0, 0, 0, 5, 6, 16
"/home/ccod/Área de trabalho/projects/Projeto-Acessibilizando/mobile/linux/flutter/generated_plugins.cmake", "CMake", 0, 0, 20, 0, 0, 0, 0, 0, 0, 0, 0, 0, 0, 0, 6, 26
"/home/ccod/Área de trabalho/projects/Projeto-Acessibilizando/mobile/linux/runner/CMakeLists.txt", "CMake", 0, 0, 21, 0, 0, 0, 0, 0, 0, 0, 0, 0, 0, 0, 6, 27
"/home/ccod/Área de trabalho/projects/Projeto-Acessibilizando/mobile/linux/runner/main.cc", "C++", 0, 0, 0, 5, 0, 0, 0, 0, 0, 0, 0, 0, 0, 0, 2, 7
"/home/ccod/Área de trabalho/projects/Projeto-Acessibilizando/mobile/linux/runner/my_application.cc", "C++", 0, 0, 0, 94, 0, 0, 0, 0, 0, 0, 0, 0, 0, 26, 29, 149
"/home/ccod/Área de trabalho/projects/Projeto-Acessibilizando/mobile/linux/runner/my_application.h", "C++", 0, 0, 0, 10, 0, 0, 0, 0, 0, 0, 0, 0, 0, 7, 5, 22
"/home/ccod/Área de trabalho/projects/Projeto-Acessibilizando/mobile/macos/Flutter/GeneratedPluginRegistrant.swift", "Swift", 0, 0, 0, 0, 0, 0, 0, 0, 6, 0, 0, 0, 0, 3, 4, 13
"/home/ccod/Área de trabalho/projects/Projeto-Acessibilizando/mobile/macos/Runner/AppDelegate.swift", "Swift", 0, 0, 0, 0, 0, 0, 0, 0, 11, 0, 0, 0, 0, 0, 3, 14
"/home/ccod/Área de trabalho/projects/Projeto-Acessibilizando/mobile/macos/Runner/Assets.xcassets/AppIcon.appiconset/Contents.json", "JSON", 0, 0, 0, 0, 0, 0, 0, 0, 0, 0, 68, 0, 0, 0, 1, 69
"/home/ccod/Área de trabalho/projects/Projeto-Acessibilizando/mobile/macos/Runner/Base.lproj/MainMenu.xib", "XML", 0, 0, 0, 0, 0, 0, 0, 343, 0, 0, 0, 0, 0, 0, 1, 344
"/home/ccod/Área de trabalho/projects/Projeto-Acessibilizando/mobile/macos/Runner/MainFlutterWindow.swift", "Swift", 0, 0, 0, 0, 0, 0, 0, 0, 12, 0, 0, 0, 0, 0, 4, 16
"/home/ccod/Área de trabalho/projects/Projeto-Acessibilizando/mobile/macos/RunnerTests/RunnerTests.swift", "Swift", 0, 0, 0, 0, 0, 0, 0, 0, 7, 0, 0, 0, 0, 2, 4, 13
"/home/ccod/Área de trabalho/projects/Projeto-Acessibilizando/mobile/pubspec.yaml", "YAML", 0, 0, 0, 0, 36, 0, 0, 0, 0, 0, 0, 0, 0, 2, 15, 53
"/home/ccod/Área de trabalho/projects/Projeto-Acessibilizando/mobile/test/widget_test.dart", "Dart", 0, 14, 0, 0, 0, 0, 0, 0, 0, 0, 0, 0, 0, 10, 7, 31
"/home/ccod/Área de trabalho/projects/Projeto-Acessibilizando/mobile/web/index.html", "Django HTML", 0, 0, 0, 0, 0, 0, 0, 0, 0, 0, 0, 98, 0, 0, 18, 116
"/home/ccod/Área de trabalho/projects/Projeto-Acessibilizando/mobile/web/manifest.json", "JSON", 0, 0, 0, 0, 0, 0, 0, 0, 0, 0, 35, 0, 0, 0, 1, 36
"/home/ccod/Área de trabalho/projects/Projeto-Acessibilizando/mobile/windows/CMakeLists.txt", "CMake", 0, 0, 89, 0, 0, 0, 0, 0, 0, 0, 0, 0, 0, 0, 20, 109
"/home/ccod/Área de trabalho/projects/Projeto-Acessibilizando/mobile/windows/flutter/CMakeLists.txt", "CMake", 0, 0, 98, 0, 0, 0, 0, 0, 0, 0, 0, 0, 0, 0, 12, 110
"/home/ccod/Área de trabalho/projects/Projeto-Acessibilizando/mobile/windows/flutter/generated_plugin_registrant.cc", "C++", 0, 0, 0, 6, 0, 0, 0, 0, 0, 0, 0, 0, 0, 4, 5, 15
"/home/ccod/Área de trabalho/projects/Projeto-Acessibilizando/mobile/windows/flutter/generated_plugin_registrant.h", "C++", 0, 0, 0, 5, 0, 0, 0, 0, 0, 0, 0, 0, 0, 5, 6, 16
"/home/ccod/Área de trabalho/projects/Projeto-Acessibilizando/mobile/windows/flutter/generated_plugins.cmake", "CMake", 0, 0, 20, 0, 0, 0, 0, 0, 0, 0, 0, 0, 0, 0, 6, 26
"/home/ccod/Área de trabalho/projects/Projeto-Acessibilizando/mobile/windows/runner/CMakeLists.txt", "CMake", 0, 0, 34, 0, 0, 0, 0, 0, 0, 0, 0, 0, 0, 0, 7, 41
"/home/ccod/Área de trabalho/projects/Projeto-Acessibilizando/mobile/windows/runner/flutter_window.cpp", "C++", 0, 0, 0, 49, 0, 0, 0, 0, 0, 0, 0, 0, 0, 7, 16, 72
"/home/ccod/Área de trabalho/projects/Projeto-Acessibilizando/mobile/windows/runner/flutter_window.h", "C++", 0, 0, 0, 20, 0, 0, 0, 0, 0, 0, 0, 0, 0, 5, 9, 34
"/home/ccod/Área de trabalho/projects/Projeto-Acessibilizando/mobile/windows/runner/main.cpp", "C++", 0, 0, 0, 30, 0, 0, 0, 0, 0, 0, 0, 0, 0, 4, 10, 44
"/home/ccod/Área de trabalho/projects/Projeto-Acessibilizando/mobile/windows/runner/resource.h", "C++", 0, 0, 0, 9, 0, 0, 0, 0, 0, 0, 0, 0, 0, 6, 2, 17
"/home/ccod/Área de trabalho/projects/Projeto-Acessibilizando/mobile/windows/runner/utils.cpp", "C++", 0, 0, 0, 53, 0, 0, 0, 0, 0, 0, 0, 0, 0, 7, 10, 70
"/home/ccod/Área de trabalho/projects/Projeto-Acessibilizando/mobile/windows/runner/utils.h", "C++", 0, 0, 0, 8, 0, 0, 0, 0, 0, 0, 0, 0, 0, 6, 6, 20
"/home/ccod/Área de trabalho/projects/Projeto-Acessibilizando/mobile/windows/runner/win32_window.cpp", "C++", 0, 0, 0, 210, 0, 0, 0, 0, 0, 0, 0, 0, 0, 24, 55, 289
"/home/ccod/Área de trabalho/projects/Projeto-Acessibilizando/mobile/windows/runner/win32_window.h", "C++", 0, 0, 0, 48, 0, 0, 0, 0, 0, 0, 0, 0, 0, 31, 24, 103
"/home/ccod/Área de trabalho/projects/Projeto-Acessibilizando/requirements.txt", "pip requirements", 0, 0, 0, 0, 0, 0, 0, 0, 0, 0, 0, 0, 11, 0, 1, 12
"Total", "-", 1374, 5577, 465, 560, 48, 79, 9, 523, 61, 268, 148, 98, 11, 318, 2291, 11830